name,datum
VoorjaarsvakantieNoord,2020-02-15
VoorjaarsvakantieNoord,2020-02-16
VoorjaarsvakantieNoord,2020-02-17
VoorjaarsvakantieNoord,2020-02-18
VoorjaarsvakantieNoord,2020-02-19
VoorjaarsvakantieNoord,2020-02-20
VoorjaarsvakantieNoord,2020-02-21
VoorjaarsvakantieNoord,2020-02-22
VoorjaarsvakantieNoord,2020-02-23
VoorjaarsvakantieMidden,2020-02-22
VoorjaarsvakantieMidden,2020-02-23
VoorjaarsvakantieMidden,2020-02-24
VoorjaarsvakantieMidden,2020-02-25
VoorjaarsvakantieMidden,2020-02-26
VoorjaarsvakantieMidden,2020-02-27
VoorjaarsvakantieMidden,2020-02-28
VoorjaarsvakantieMidden,2020-02-29
VoorjaarsvakantieMidden,2020-03-01
VoorjaarsvakantieZuid,2020-02-22
VoorjaarsvakantieZuid,2020-02-23
VoorjaarsvakantieZuid,2020-02-24
VoorjaarsvakantieZuid,2020-02-25
VoorjaarsvakantieZuid,2020-02-26
VoorjaarsvakantieZuid,2020-02-27
VoorjaarsvakantieZuid,2020-02-28
VoorjaarsvakantieZuid,2020-02-29
VoorjaarsvakantieZuid,2020-03-01
Meivakantie,2020-04-25
Meivakantie,2020-04-26
Meivakantie,2020-04-27
Meivakantie,2020-04-28
Meivakantie,2020-04-29
Meivakantie,2020-04-30
Meivakantie,2020-05-01
Meivakantie,2020-05-02
Meivakantie,2020-05-03
ZomervakantieNoord,2020-07-04
ZomervakantieNoord,2020-07-05
ZomervakantieNoord,2020-07-06
ZomervakantieNoord,2020-07-07
ZomervakantieNoord,2020-07-08
ZomervakantieNoord,2020-07-09
ZomervakantieNoord,2020-07-10
ZomervakantieNoord,2020-07-11
ZomervakantieNoord,2020-07-12
ZomervakantieNoord,2020-07-13
ZomervakantieNoord,2020-07-14
ZomervakantieNoord,2020-07-15
ZomervakantieNoord,2020-07-16
ZomervakantieNoord,2020-07-17
ZomervakantieNoord,2020-07-18
ZomervakantieNoord,2020-07-19
ZomervakantieNoord,2020-07-20
ZomervakantieNoord,2020-07-21
ZomervakantieNoord,2020-07-22
ZomervakantieNoord,2020-07-23
ZomervakantieNoord,2020-07-24
ZomervakantieNoord,2020-07-25
ZomervakantieNoord,2020-07-26
ZomervakantieNoord,2020-07-27
ZomervakantieNoord,2020-07-28
ZomervakantieNoord,2020-07-29
ZomervakantieNoord,2020-07-30
ZomervakantieNoord,2020-07-31
ZomervakantieNoord,2020-08-01
ZomervakantieNoord,2020-08-02
ZomervakantieNoord,2020-08-03
ZomervakantieNoord,2020-08-04
ZomervakantieNoord,2020-08-05
ZomervakantieNoord,2020-08-06
ZomervakantieNoord,2020-08-07
ZomervakantieNoord,2020-08-08
ZomervakantieNoord,2020-08-09
ZomervakantieNoord,2020-08-10
ZomervakantieNoord,2020-08-11
ZomervakantieNoord,2020-08-12
ZomervakantieNoord,2020-08-13
ZomervakantieNoord,2020-08-14
ZomervakantieNoord,2020-08-15
ZomervakantieNoord,2020-08-16
ZomervakantieMidden,2020-07-18
ZomervakantieMidden,2020-07-19
ZomervakantieMidden,2020-07-20
ZomervakantieMidden,2020-07-21
ZomervakantieMidden,2020-07-22
ZomervakantieMidden,2020-07-23
ZomervakantieMidden,2020-07-24
ZomervakantieMidden,2020-07-25
ZomervakantieMidden,2020-07-26
ZomervakantieMidden,2020-07-27
ZomervakantieMidden,2020-07-28
ZomervakantieMidden,2020-07-29
ZomervakantieMidden,2020-07-30
ZomervakantieMidden,2020-07-31
ZomervakantieMidden,2020-08-01
ZomervakantieMidden,2020-08-02
ZomervakantieMidden,2020-08-03
ZomervakantieMidden,2020-08-04
ZomervakantieMidden,2020-08-05
ZomervakantieMidden,2020-08-06
ZomervakantieMidden,2020-08-07
ZomervakantieMidden,2020-08-08
ZomervakantieMidden,2020-08-09
ZomervakantieMidden,2020-08-10
ZomervakantieMidden,2020-08-11
ZomervakantieMidden,2020-08-12
ZomervakantieMidden,2020-08-13
ZomervakantieMidden,2020-08-14
ZomervakantieMidden,2020-08-15
ZomervakantieMidden,2020-08-16
ZomervakantieMidden,2020-08-17
ZomervakantieMidden,2020-08-18
ZomervakantieMidden,2020-08-19
ZomervakantieMidden,2020-08-20
ZomervakantieMidden,2020-08-21
ZomervakantieMidden,2020-08-22
ZomervakantieMidden,2020-08-23
ZomervakantieMidden,2020-08-24
ZomervakantieMidden,2020-08-25
ZomervakantieMidden,2020-08-26
ZomervakantieMidden,2020-08-27
ZomervakantieMidden,2020-08-28
ZomervakantieMidden,2020-08-29
ZomervakantieMidden,2020-08-30
ZomervakantieZuid,2020-07-11
ZomervakantieZuid,2020-07-12
ZomervakantieZuid,2020-07-13
ZomervakantieZuid,2020-07-14
ZomervakantieZuid,2020-07-15
ZomervakantieZuid,2020-07-16
ZomervakantieZuid,2020-07-17
ZomervakantieZuid,2020-07-18
ZomervakantieZuid,2020-07-19
ZomervakantieZuid,2020-07-20
ZomervakantieZuid,2020-07-21
ZomervakantieZuid,2020-07-22
ZomervakantieZuid,2020-07-23
ZomervakantieZuid,2020-07-24
ZomervakantieZuid,2020-07-25
ZomervakantieZuid,2020-07-26
ZomervakantieZuid,2020-07-27
ZomervakantieZuid,2020-07-28
ZomervakantieZuid,2020-07-29
ZomervakantieZuid,2020-07-30
ZomervakantieZuid,2020-07-31
ZomervakantieZuid,2020-08-01
ZomervakantieZuid,2020-08-02
ZomervakantieZuid,2020-08-03
ZomervakantieZuid,2020-08-04
ZomervakantieZuid,2020-08-05
ZomervakantieZuid,2020-08-06
ZomervakantieZuid,2020-08-07
ZomervakantieZuid,2020-08-08
ZomervakantieZuid,2020-08-09
ZomervakantieZuid,2020-08-10
ZomervakantieZuid,2020-08-11
ZomervakantieZuid,2020-08-12
ZomervakantieZuid,2020-08-13
ZomervakantieZuid,2020-08-14
ZomervakantieZuid,2020-08-15
ZomervakantieZuid,2020-08-16
ZomervakantieZuid,2020-08-17
ZomervakantieZuid,2020-08-18
ZomervakantieZuid,2020-08-19
ZomervakantieZuid,2020-08-20
ZomervakantieZuid,2020-08-21
ZomervakantieZuid,2020-08-22
ZomervakantieZuid,2020-08-23
BouwvakNoord,2020-07-18
BouwvakNoord,2020-07-19
BouwvakNoord,2020-07-20
BouwvakNoord,2020-07-21
BouwvakNoord,2020-07-22
BouwvakNoord,2020-07-23
BouwvakNoord,2020-07-24
BouwvakNoord,2020-07-25
BouwvakNoord,2020-07-26
BouwvakNoord,2020-07-27
BouwvakNoord,2020-07-28
BouwvakNoord,2020-07-29
BouwvakNoord,2020-07-30
BouwvakNoord,2020-07-31
BouwvakNoord,2020-08-01
BouwvakNoord,2020-08-02
BouwvakNoord,2020-08-03
BouwvakNoord,2020-08-04
BouwvakNoord,2020-08-05
BouwvakNoord,2020-08-06
BouwvakNoord,2020-08-07
BouwvakNoord,2020-08-08
BouwvakMidden,2020-08-01
BouwvakMidden,2020-08-02
BouwvakMidden,2020-08-03
BouwvakMidden,2020-08-04
BouwvakMidden,2020-08-05
BouwvakMidden,2020-08-06
BouwvakMidden,2020-08-07
BouwvakMidden,2020-08-08
BouwvakMidden,2020-08-09
BouwvakMidden,2020-08-10
BouwvakMidden,2020-08-11
BouwvakMidden,2020-08-12
BouwvakMidden,2020-08-13
BouwvakMidden,2020-08-14
BouwvakMidden,2020-08-15
BouwvakMidden,2020-08-16
BouwvakMidden,2020-08-17
BouwvakMidden,2020-08-18
BouwvakMidden,2020-08-19
BouwvakMidden,2020-08-20
BouwvakMidden,2020-08-21
BouwvakMidden,2020-08-22
BouwvakZuid,2020-07-25
BouwvakZuid,2020-07-26
BouwvakZuid,2020-07-27
BouwvakZuid,2020-07-28
BouwvakZuid,2020-07-29
BouwvakZuid,2020-07-30
BouwvakZuid,2020-07-31
BouwvakZuid,2020-08-01
BouwvakZuid,2020-08-02
BouwvakZuid,2020-08-03
BouwvakZuid,2020-08-04
BouwvakZuid,2020-08-05
BouwvakZuid,2020-08-06
BouwvakZuid,2020-08-07
BouwvakZuid,2020-08-08
BouwvakZuid,2020-08-09
BouwvakZuid,2020-08-10
BouwvakZuid,2020-08-11
BouwvakZuid,2020-08-12
BouwvakZuid,2020-08-13
BouwvakZuid,2020-08-14
BouwvakZuid,2020-08-15
HerfstvakantieNoord,2020-10-10
HerfstvakantieNoord,2020-10-11
HerfstvakantieNoord,2020-10-12
HerfstvakantieNoord,2020-10-13
HerfstvakantieNoord,2020-10-14
HerfstvakantieNoord,2020-10-15
HerfstvakantieNoord,2020-10-16
HerfstvakantieNoord,2020-10-17
HerfstvakantieNoord,2020-10-18
HerfstvakantieMidden,2020-10-17
HerfstvakantieMidden,2020-10-18
HerfstvakantieMidden,2020-10-19
HerfstvakantieMidden,2020-10-20
HerfstvakantieMidden,2020-10-21
HerfstvakantieMidden,2020-10-22
HerfstvakantieMidden,2020-10-23
HerfstvakantieMidden,2020-10-24
HerfstvakantieMidden,2020-10-25
HerfstvakantieZuid,2020-10-17
HerfstvakantieZuid,2020-10-18
HerfstvakantieZuid,2020-10-19
HerfstvakantieZuid,2020-10-20
HerfstvakantieZuid,2020-10-21
HerfstvakantieZuid,2020-10-22
HerfstvakantieZuid,2020-10-23
HerfstvakantieZuid,2020-10-24
HerfstvakantieZuid,2020-10-25
Kerstvakantie,2020-12-19
Kerstvakantie,2020-12-20
Kerstvakantie,2020-12-21
Kerstvakantie,2020-12-22
Kerstvakantie,2020-12-23
Kerstvakantie,2020-12-24
Kerstvakantie,2020-12-25
Kerstvakantie,2020-12-26
Kerstvakantie,2020-12-27
Kerstvakantie,2020-12-28
Kerstvakantie,2020-12-29
Kerstvakantie,2020-12-30
Kerstvakantie,2020-12-31
Kerstvakantie,2021-01-01
Kerstvakantie,2021-01-02
VoorjaarsvakantieNoord,2021-02-20
VoorjaarsvakantieNoord,2021-02-21
VoorjaarsvakantieNoord,2021-02-22
VoorjaarsvakantieNoord,2021-02-23
VoorjaarsvakantieNoord,2021-02-24
VoorjaarsvakantieNoord,2021-02-25
VoorjaarsvakantieNoord,2021-02-26
VoorjaarsvakantieNoord,2021-02-27
VoorjaarsvakantieNoord,2021-02-28
VoorjaarsvakantieMidden,2021-02-20
VoorjaarsvakantieMidden,2021-02-21
VoorjaarsvakantieMidden,2021-02-22
VoorjaarsvakantieMidden,2021-02-23
VoorjaarsvakantieMidden,2021-02-24
VoorjaarsvakantieMidden,2021-02-25
VoorjaarsvakantieMidden,2021-02-26
VoorjaarsvakantieMidden,2021-02-27
VoorjaarsvakantieMidden,2021-02-28
VoorjaarsvakantieZuid,2021-02-13
VoorjaarsvakantieZuid,2021-02-14
VoorjaarsvakantieZuid,2021-02-15
VoorjaarsvakantieZuid,2021-02-16
VoorjaarsvakantieZuid,2021-02-17
VoorjaarsvakantieZuid,2021-02-18
VoorjaarsvakantieZuid,2021-02-19
VoorjaarsvakantieZuid,2021-02-20
VoorjaarsvakantieZuid,2021-02-21
Meivakantie,2021-05-01
Meivakantie,2021-05-02
Meivakantie,2021-05-03
Meivakantie,2021-05-04
Meivakantie,2021-05-05
Meivakantie,2021-05-06
Meivakantie,2021-05-07
Meivakantie,2021-05-08
Meivakantie,2021-05-09
ZomervakantieNoord,2021-07-10
ZomervakantieNoord,2021-07-11
ZomervakantieNoord,2021-07-12
ZomervakantieNoord,2021-07-13
ZomervakantieNoord,2021-07-14
ZomervakantieNoord,2021-07-15
ZomervakantieNoord,2021-07-16
ZomervakantieNoord,2021-07-17
ZomervakantieNoord,2021-07-18
ZomervakantieNoord,2021-07-19
ZomervakantieNoord,2021-07-20
ZomervakantieNoord,2021-07-21
ZomervakantieNoord,2021-07-22
ZomervakantieNoord,2021-07-23
ZomervakantieNoord,2021-07-24
ZomervakantieNoord,2021-07-25
ZomervakantieNoord,2021-07-26
ZomervakantieNoord,2021-07-27
ZomervakantieNoord,2021-07-28
ZomervakantieNoord,2021-07-29
ZomervakantieNoord,2021-07-30
ZomervakantieNoord,2021-07-31
ZomervakantieNoord,2021-08-01
ZomervakantieNoord,2021-08-02
ZomervakantieNoord,2021-08-03
ZomervakantieNoord,2021-08-04
ZomervakantieNoord,2021-08-05
ZomervakantieNoord,2021-08-06
ZomervakantieNoord,2021-08-07
ZomervakantieNoord,2021-08-08
ZomervakantieNoord,2021-08-09
ZomervakantieNoord,2021-08-10
ZomervakantieNoord,2021-08-11
ZomervakantieNoord,2021-08-12
ZomervakantieNoord,2021-08-13
ZomervakantieNoord,2021-08-14
ZomervakantieNoord,2021-08-15
ZomervakantieNoord,2021-08-16
ZomervakantieNoord,2021-08-17
ZomervakantieNoord,2021-08-18
ZomervakantieNoord,2021-08-19
ZomervakantieNoord,2021-08-20
ZomervakantieNoord,2021-08-21
ZomervakantieNoord,2021-08-22
ZomervakantieMidden,2021-07-17
ZomervakantieMidden,2021-07-18
ZomervakantieMidden,2021-07-19
ZomervakantieMidden,2021-07-20
ZomervakantieMidden,2021-07-21
ZomervakantieMidden,2021-07-22
ZomervakantieMidden,2021-07-23
ZomervakantieMidden,2021-07-24
ZomervakantieMidden,2021-07-25
ZomervakantieMidden,2021-07-26
ZomervakantieMidden,2021-07-27
ZomervakantieMidden,2021-07-28
ZomervakantieMidden,2021-07-29
ZomervakantieMidden,2021-07-30
ZomervakantieMidden,2021-07-31
ZomervakantieMidden,2021-08-01
ZomervakantieMidden,2021-08-02
ZomervakantieMidden,2021-08-03
ZomervakantieMidden,2021-08-04
ZomervakantieMidden,2021-08-05
ZomervakantieMidden,2021-08-06
ZomervakantieMidden,2021-08-07
ZomervakantieMidden,2021-08-08
ZomervakantieMidden,2021-08-09
ZomervakantieMidden,2021-08-10
ZomervakantieMidden,2021-08-11
ZomervakantieMidden,2021-08-12
ZomervakantieMidden,2021-08-13
ZomervakantieMidden,2021-08-14
ZomervakantieMidden,2021-08-15
ZomervakantieMidden,2021-08-16
ZomervakantieMidden,2021-08-17
ZomervakantieMidden,2021-08-18
ZomervakantieMidden,2021-08-19
ZomervakantieMidden,2021-08-20
ZomervakantieMidden,2021-08-21
ZomervakantieMidden,2021-08-22
ZomervakantieMidden,2021-08-23
ZomervakantieMidden,2021-08-24
ZomervakantieMidden,2021-08-25
ZomervakantieMidden,2021-08-26
ZomervakantieMidden,2021-08-27
ZomervakantieMidden,2021-08-28
ZomervakantieMidden,2021-08-29
ZomervakantieZuid,2021-07-24
ZomervakantieZuid,2021-07-25
ZomervakantieZuid,2021-07-26
ZomervakantieZuid,2021-07-27
ZomervakantieZuid,2021-07-28
ZomervakantieZuid,2021-07-29
ZomervakantieZuid,2021-07-30
ZomervakantieZuid,2021-07-31
ZomervakantieZuid,2021-08-01
ZomervakantieZuid,2021-08-02
ZomervakantieZuid,2021-08-03
ZomervakantieZuid,2021-08-04
ZomervakantieZuid,2021-08-05
ZomervakantieZuid,2021-08-06
ZomervakantieZuid,2021-08-07
ZomervakantieZuid,2021-08-08
ZomervakantieZuid,2021-08-09
ZomervakantieZuid,2021-08-10
ZomervakantieZuid,2021-08-11
ZomervakantieZuid,2021-08-12
ZomervakantieZuid,2021-08-13
ZomervakantieZuid,2021-08-14
ZomervakantieZuid,2021-08-15
ZomervakantieZuid,2021-08-16
ZomervakantieZuid,2021-08-17
ZomervakantieZuid,2021-08-18
ZomervakantieZuid,2021-08-19
ZomervakantieZuid,2021-08-20
ZomervakantieZuid,2021-08-21
ZomervakantieZuid,2021-08-22
ZomervakantieZuid,2021-08-23
ZomervakantieZuid,2021-08-24
ZomervakantieZuid,2021-08-25
ZomervakantieZuid,2021-08-26
ZomervakantieZuid,2021-08-27
ZomervakantieZuid,2021-08-28
ZomervakantieZuid,2021-08-29
ZomervakantieZuid,2021-08-30
ZomervakantieZuid,2021-08-31
ZomervakantieZuid,2021-09-01
ZomervakantieZuid,2021-09-02
ZomervakantieZuid,2021-09-03
ZomervakantieZuid,2021-09-04
ZomervakantieZuid,2021-09-05
BouwvakNoord,2021-07-24
BouwvakNoord,2021-07-25
BouwvakNoord,2021-07-26
BouwvakNoord,2021-07-27
BouwvakNoord,2021-07-28
BouwvakNoord,2021-07-29
BouwvakNoord,2021-07-30
BouwvakNoord,2021-07-31
BouwvakNoord,2021-08-01
BouwvakNoord,2021-08-02
BouwvakNoord,2021-08-03
BouwvakNoord,2021-08-04
BouwvakNoord,2021-08-05
BouwvakNoord,2021-08-06
BouwvakNoord,2021-08-07
BouwvakNoord,2021-08-08
BouwvakNoord,2021-08-09
BouwvakNoord,2021-08-10
BouwvakNoord,2021-08-11
BouwvakNoord,2021-08-12
BouwvakNoord,2021-08-13
BouwvakNoord,2021-08-14
BouwvakMidden,2021-07-31
BouwvakMidden,2021-08-01
BouwvakMidden,2021-08-02
BouwvakMidden,2021-08-03
BouwvakMidden,2021-08-04
BouwvakMidden,2021-08-05
BouwvakMidden,2021-08-06
BouwvakMidden,2021-08-07
BouwvakMidden,2021-08-08
BouwvakMidden,2021-08-09
BouwvakMidden,2021-08-10
BouwvakMidden,2021-08-11
BouwvakMidden,2021-08-12
BouwvakMidden,2021-08-13
BouwvakMidden,2021-08-14
BouwvakMidden,2021-08-15
BouwvakMidden,2021-08-16
BouwvakMidden,2021-08-17
BouwvakMidden,2021-08-18
BouwvakMidden,2021-08-19
BouwvakMidden,2021-08-20
BouwvakMidden,2021-08-21
BouwvakZuid,2021-08-07
BouwvakZuid,2021-08-08
BouwvakZuid,2021-08-09
BouwvakZuid,2021-08-10
BouwvakZuid,2021-08-11
BouwvakZuid,2021-08-12
BouwvakZuid,2021-08-13
BouwvakZuid,2021-08-14
BouwvakZuid,2021-08-15
BouwvakZuid,2021-08-16
BouwvakZuid,2021-08-17
BouwvakZuid,2021-08-18
BouwvakZuid,2021-08-19
BouwvakZuid,2021-08-20
BouwvakZuid,2021-08-21
BouwvakZuid,2021-08-22
BouwvakZuid,2021-08-23
BouwvakZuid,2021-08-24
BouwvakZuid,2021-08-25
BouwvakZuid,2021-08-26
BouwvakZuid,2021-08-27
BouwvakZuid,2021-08-28
HerfstvakantieNoord,2021-10-16
HerfstvakantieNoord,2021-10-17
HerfstvakantieNoord,2021-10-18
HerfstvakantieNoord,2021-10-19
HerfstvakantieNoord,2021-10-20
HerfstvakantieNoord,2021-10-21
HerfstvakantieNoord,2021-10-22
HerfstvakantieNoord,2021-10-23
HerfstvakantieNoord,2021-10-24
HerfstvakantieMidden,2021-10-16
HerfstvakantieMidden,2021-10-17
HerfstvakantieMidden,2021-10-18
HerfstvakantieMidden,2021-10-19
HerfstvakantieMidden,2021-10-20
HerfstvakantieMidden,2021-10-21
HerfstvakantieMidden,2021-10-22
HerfstvakantieMidden,2021-10-23
HerfstvakantieMidden,2021-10-24
HerfstvakantieZuid,2021-10-23
HerfstvakantieZuid,2021-10-24
HerfstvakantieZuid,2021-10-25
HerfstvakantieZuid,2021-10-26
HerfstvakantieZuid,2021-10-27
HerfstvakantieZuid,2021-10-28
HerfstvakantieZuid,2021-10-29
HerfstvakantieZuid,2021-10-30
HerfstvakantieZuid,2021-10-31
Kerstvakantie,2021-12-25
Kerstvakantie,2021-12-26
Kerstvakantie,2021-12-27
Kerstvakantie,2021-12-28
Kerstvakantie,2021-12-29
Kerstvakantie,2021-12-30
Kerstvakantie,2021-12-31
Kerstvakantie,2022-01-01
Kerstvakantie,2022-01-02
Kerstvakantie,2022-01-03
Kerstvakantie,2022-01-04
Kerstvakantie,2022-01-05
Kerstvakantie,2022-01-06
Kerstvakantie,2022-01-07
Kerstvakantie,2022-01-08
Kerstvakantie,2022-01-09
VoorjaarsvakantieNoord,2022-02-19
VoorjaarsvakantieNoord,2022-02-20
VoorjaarsvakantieNoord,2022-02-21
VoorjaarsvakantieNoord,2022-02-22
VoorjaarsvakantieNoord,2022-02-23
VoorjaarsvakantieNoord,2022-02-24
VoorjaarsvakantieNoord,2022-02-25
VoorjaarsvakantieNoord,2022-02-26
VoorjaarsvakantieNoord,2022-02-27
VoorjaarsvakantieMidden,2022-02-26
VoorjaarsvakantieMidden,2022-02-27
VoorjaarsvakantieMidden,2022-02-28
VoorjaarsvakantieMidden,2022-03-01
VoorjaarsvakantieMidden,2022-03-02
VoorjaarsvakantieMidden,2022-03-03
VoorjaarsvakantieMidden,2022-03-04
VoorjaarsvakantieMidden,2022-03-05
VoorjaarsvakantieMidden,2022-03-06
VoorjaarsvakantieZuid,2022-02-26
VoorjaarsvakantieZuid,2022-02-27
VoorjaarsvakantieZuid,2022-02-28
VoorjaarsvakantieZuid,2022-03-01
VoorjaarsvakantieZuid,2022-03-02
VoorjaarsvakantieZuid,2022-03-03
VoorjaarsvakantieZuid,2022-03-04
VoorjaarsvakantieZuid,2022-03-05
VoorjaarsvakantieZuid,2022-03-06
Meivakantie,2022-04-30
Meivakantie,2022-05-01
Meivakantie,2022-05-02
Meivakantie,2022-05-03
Meivakantie,2022-05-04
Meivakantie,2022-05-05
Meivakantie,2022-05-06
Meivakantie,2022-05-07
Meivakantie,2022-05-08
ZomervakantieNoord,2022-07-16
ZomervakantieNoord,2022-07-17
ZomervakantieNoord,2022-07-18
ZomervakantieNoord,2022-07-19
ZomervakantieNoord,2022-07-20
ZomervakantieNoord,2022-07-21
ZomervakantieNoord,2022-07-22
ZomervakantieNoord,2022-07-23
ZomervakantieNoord,2022-07-24
ZomervakantieNoord,2022-07-25
ZomervakantieNoord,2022-07-26
ZomervakantieNoord,2022-07-27
ZomervakantieNoord,2022-07-28
ZomervakantieNoord,2022-07-29
ZomervakantieNoord,2022-07-30
ZomervakantieNoord,2022-07-31
ZomervakantieNoord,2022-08-01
ZomervakantieNoord,2022-08-02
ZomervakantieNoord,2022-08-03
ZomervakantieNoord,2022-08-04
ZomervakantieNoord,2022-08-05
ZomervakantieNoord,2022-08-06
ZomervakantieNoord,2022-08-07
ZomervakantieNoord,2022-08-08
ZomervakantieNoord,2022-08-09
ZomervakantieNoord,2022-08-10
ZomervakantieNoord,2022-08-11
ZomervakantieNoord,2022-08-12
ZomervakantieNoord,2022-08-13
ZomervakantieNoord,2022-08-14
ZomervakantieNoord,2022-08-15
ZomervakantieNoord,2022-08-16
ZomervakantieNoord,2022-08-17
ZomervakantieNoord,2022-08-18
ZomervakantieNoord,2022-08-19
ZomervakantieNoord,2022-08-20
ZomervakantieNoord,2022-08-21
ZomervakantieNoord,2022-08-22
ZomervakantieNoord,2022-08-23
ZomervakantieNoord,2022-08-24
ZomervakantieNoord,2022-08-25
ZomervakantieNoord,2022-08-26
ZomervakantieNoord,2022-08-27
ZomervakantieNoord,2022-08-28
ZomervakantieMidden,2022-07-09
ZomervakantieMidden,2022-07-10
ZomervakantieMidden,2022-07-11
ZomervakantieMidden,2022-07-12
ZomervakantieMidden,2022-07-13
ZomervakantieMidden,2022-07-14
ZomervakantieMidden,2022-07-15
ZomervakantieMidden,2022-07-16
ZomervakantieMidden,2022-07-17
ZomervakantieMidden,2022-07-18
ZomervakantieMidden,2022-07-19
ZomervakantieMidden,2022-07-20
ZomervakantieMidden,2022-07-21
ZomervakantieMidden,2022-07-22
ZomervakantieMidden,2022-07-23
ZomervakantieMidden,2022-07-24
ZomervakantieMidden,2022-07-25
ZomervakantieMidden,2022-07-26
ZomervakantieMidden,2022-07-27
ZomervakantieMidden,2022-07-28
ZomervakantieMidden,2022-07-29
ZomervakantieMidden,2022-07-30
ZomervakantieMidden,2022-07-31
ZomervakantieMidden,2022-08-01
ZomervakantieMidden,2022-08-02
ZomervakantieMidden,2022-08-03
ZomervakantieMidden,2022-08-04
ZomervakantieMidden,2022-08-05
ZomervakantieMidden,2022-08-06
ZomervakantieMidden,2022-08-07
ZomervakantieMidden,2022-08-08
ZomervakantieMidden,2022-08-09
ZomervakantieMidden,2022-08-10
ZomervakantieMidden,2022-08-11
ZomervakantieMidden,2022-08-12
ZomervakantieMidden,2022-08-13
ZomervakantieMidden,2022-08-14
ZomervakantieMidden,2022-08-15
ZomervakantieMidden,2022-08-16
ZomervakantieMidden,2022-08-17
ZomervakantieMidden,2022-08-18
ZomervakantieMidden,2022-08-19
ZomervakantieMidden,2022-08-20
ZomervakantieMidden,2022-08-21
ZomervakantieZuid,2022-07-23
ZomervakantieZuid,2022-07-24
ZomervakantieZuid,2022-07-25
ZomervakantieZuid,2022-07-26
ZomervakantieZuid,2022-07-27
ZomervakantieZuid,2022-07-28
ZomervakantieZuid,2022-07-29
ZomervakantieZuid,2022-07-30
ZomervakantieZuid,2022-07-31
ZomervakantieZuid,2022-08-01
ZomervakantieZuid,2022-08-02
ZomervakantieZuid,2022-08-03
ZomervakantieZuid,2022-08-04
ZomervakantieZuid,2022-08-05
ZomervakantieZuid,2022-08-06
ZomervakantieZuid,2022-08-07
ZomervakantieZuid,2022-08-08
ZomervakantieZuid,2022-08-09
ZomervakantieZuid,2022-08-10
ZomervakantieZuid,2022-08-11
ZomervakantieZuid,2022-08-12
ZomervakantieZuid,2022-08-13
ZomervakantieZuid,2022-08-14
ZomervakantieZuid,2022-08-15
ZomervakantieZuid,2022-08-16
ZomervakantieZuid,2022-08-17
ZomervakantieZuid,2022-08-18
ZomervakantieZuid,2022-08-19
ZomervakantieZuid,2022-08-20
ZomervakantieZuid,2022-08-21
ZomervakantieZuid,2022-08-22
ZomervakantieZuid,2022-08-23
ZomervakantieZuid,2022-08-24
ZomervakantieZuid,2022-08-25
ZomervakantieZuid,2022-08-26
ZomervakantieZuid,2022-08-27
ZomervakantieZuid,2022-08-28
ZomervakantieZuid,2022-08-29
ZomervakantieZuid,2022-08-30
ZomervakantieZuid,2022-08-31
ZomervakantieZuid,2022-09-01
ZomervakantieZuid,2022-09-02
ZomervakantieZuid,2022-09-03
ZomervakantieZuid,2022-09-04
BouwvakNoord,2022-07-30
BouwvakNoord,2022-07-31
BouwvakNoord,2022-08-01
BouwvakNoord,2022-08-02
BouwvakNoord,2022-08-03
BouwvakNoord,2022-08-04
BouwvakNoord,2022-08-05
BouwvakNoord,2022-08-06
BouwvakNoord,2022-08-07
BouwvakNoord,2022-08-08
BouwvakNoord,2022-08-09
BouwvakNoord,2022-08-10
BouwvakNoord,2022-08-11
BouwvakNoord,2022-08-12
BouwvakNoord,2022-08-13
BouwvakNoord,2022-08-14
BouwvakNoord,2022-08-15
BouwvakNoord,2022-08-16
BouwvakNoord,2022-08-17
BouwvakNoord,2022-08-18
BouwvakNoord,2022-08-19
BouwvakNoord,2022-08-20
BouwvakMidden,2022-07-23
BouwvakMidden,2022-07-24
BouwvakMidden,2022-07-25
BouwvakMidden,2022-07-26
BouwvakMidden,2022-07-27
BouwvakMidden,2022-07-28
BouwvakMidden,2022-07-29
BouwvakMidden,2022-07-30
BouwvakMidden,2022-07-31
BouwvakMidden,2022-08-01
BouwvakMidden,2022-08-02
BouwvakMidden,2022-08-03
BouwvakMidden,2022-08-04
BouwvakMidden,2022-08-05
BouwvakMidden,2022-08-06
BouwvakMidden,2022-08-07
BouwvakMidden,2022-08-08
BouwvakMidden,2022-08-09
BouwvakMidden,2022-08-10
BouwvakMidden,2022-08-11
BouwvakMidden,2022-08-12
BouwvakMidden,2022-08-13
BouwvakZuid,2022-08-06
BouwvakZuid,2022-08-07
BouwvakZuid,2022-08-08
BouwvakZuid,2022-08-09
BouwvakZuid,2022-08-10
BouwvakZuid,2022-08-11
BouwvakZuid,2022-08-12
BouwvakZuid,2022-08-13
BouwvakZuid,2022-08-14
BouwvakZuid,2022-08-15
BouwvakZuid,2022-08-16
BouwvakZuid,2022-08-17
BouwvakZuid,2022-08-18
BouwvakZuid,2022-08-19
BouwvakZuid,2022-08-20
BouwvakZuid,2022-08-21
BouwvakZuid,2022-08-22
BouwvakZuid,2022-08-23
BouwvakZuid,2022-08-24
BouwvakZuid,2022-08-25
BouwvakZuid,2022-08-26
BouwvakZuid,2022-08-27
HerfstvakantieNoord,2022-10-15
HerfstvakantieNoord,2022-10-16
HerfstvakantieNoord,2022-10-17
HerfstvakantieNoord,2022-10-18
HerfstvakantieNoord,2022-10-19
HerfstvakantieNoord,2022-10-20
HerfstvakantieNoord,2022-10-21
HerfstvakantieNoord,2022-10-22
HerfstvakantieNoord,2022-10-23
HerfstvakantieMidden,2022-10-22
HerfstvakantieMidden,2022-10-23
HerfstvakantieMidden,2022-10-24
HerfstvakantieMidden,2022-10-25
HerfstvakantieMidden,2022-10-26
HerfstvakantieMidden,2022-10-27
HerfstvakantieMidden,2022-10-28
HerfstvakantieMidden,2022-10-29
HerfstvakantieMidden,2022-10-30
HerfstvakantieZuid,2022-10-22
HerfstvakantieZuid,2022-10-23
HerfstvakantieZuid,2022-10-24
HerfstvakantieZuid,2022-10-25
HerfstvakantieZuid,2022-10-26
HerfstvakantieZuid,2022-10-27
HerfstvakantieZuid,2022-10-28
HerfstvakantieZuid,2022-10-29
HerfstvakantieZuid,2022-10-30
Kerstvakantie,2022-12-24
Kerstvakantie,2022-12-25
Kerstvakantie,2022-12-26
Kerstvakantie,2022-12-27
Kerstvakantie,2022-12-28
Kerstvakantie,2022-12-29
Kerstvakantie,2022-12-30
Kerstvakantie,2022-12-31
Kerstvakantie,2023-01-01
Kerstvakantie,2023-01-02
Kerstvakantie,2023-01-03
Kerstvakantie,2023-01-04
Kerstvakantie,2023-01-05
Kerstvakantie,2023-01-06
Kerstvakantie,2023-01-07
Kerstvakantie,2023-01-08
